t_pre,t_test,t_train,t_CAV,t_HDV_pre,t_HDV_test,CAV_advantage,Effect_of_change,Effect_of_remaining,diff_sumo_routerl,avg_speed_pre,avg_speed_test,avg_mileage_pre,avg_mileage_test,cost_of_learning,cost_of_learning_humans,cost_of_learning_CAVs,avg_time_lost,avg_human_time_lost,avg_CAV_time_lost,winrate
246.29566666666665,255.62333333333333,259.7329375,277.2916666666667,241.27888888888884,241.17777777777778,0.8697620836463811,0.8701267217630851,1.000419238920114,0.0,8.623,8.44,2079.707,2109.9100000000008,2149.963333333333,-1515.5277777777778,7648.2,2336.516666666667,-82.08333333333329,5964.416666666667,0.0
