t_pre,t_test,t_train,t_CAV,t_HDV_pre,t_HDV_test,CAV_advantage,Effect_of_change,Effect_of_remaining,diff_sumo_routerl,avg_speed_pre,avg_speed_test,avg_mileage_pre,avg_mileage_test,cost_of_learning,cost_of_learning_humans,cost_of_learning_CAVs,avg_time_lost,avg_human_time_lost,avg_CAV_time_lost,winrate
252.17185714285714,278.70714285714286,278.10960714285716,297.5261904761905,244.6482142857143,250.47857142857143,0.8418706636470579,0.8222745496594938,0.9767231300082699,0.0,8.657,8.300000000000002,2127.5280000000002,2237.93,4150.04,-1526.3964285714285,7934.330952380952,4680.745714285715,908.6107142857144,7195.502380952381,0.0
