t_pre,t_test,t_train,t_CAV,t_HDV_pre,t_HDV_test,CAV_advantage,Effect_of_change,Effect_of_remaining,diff_sumo_routerl,avg_speed_pre,avg_speed_test,avg_mileage_pre,avg_mileage_test,cost_of_learning,cost_of_learning_humans,cost_of_learning_CAVs,avg_time_lost,avg_human_time_lost,avg_CAV_time_lost,winrate
246.29566666666665,254.74083333333334,260.1261666666667,274.92750000000007,241.27888888888884,241.28305555555565,0.877624302972804,0.8776091474621083,0.9999827312089644,0.0,8.623,8.468,2079.707,2110.7395,2212.88,-1448.4833333333333,7704.925,2381.7833333333333,-12.933333333333353,5973.858333333334,0.0
