t_pre,t_test,t_train,t_CAV,t_HDV_pre,t_HDV_test,CAV_advantage,Effect_of_change,Effect_of_remaining,diff_sumo_routerl,avg_speed_pre,avg_speed_test,avg_mileage_pre,avg_mileage_test,cost_of_learning,cost_of_learning_humans,cost_of_learning_CAVs,avg_time_lost,avg_human_time_lost,avg_CAV_time_lost,winrate
252.67342995169085,259.61062801932366,259.80692028985504,287.84057971014494,252.90326086956551,252.55314009661836,0.8774063071681519,0.8786226776093863,1.0013863251623527,0.0,8.678999999999998,8.59,2141.684,2179.6999999999994,1141.3584541062803,91.80434782608695,5339.574879227053,1280.1024154589372,-19.198067632850172,6477.304347826088,0.0
