t_pre,t_test,t_train,t_CAV,t_HDV_pre,t_HDV_test,CAV_advantage,Effect_of_change,Effect_of_remaining,diff_sumo_routerl,avg_speed_pre,avg_speed_test,avg_mileage_pre,avg_mileage_test,cost_of_learning,cost_of_learning_humans,cost_of_learning_CAVs,avg_time_lost,avg_human_time_lost,avg_CAV_time_lost,winrate
245.3252,253.11539999999997,253.2085,294.171,243.04049999999995,242.85150000000004,0.8255453460742223,0.8261878295277235,1.0007782533770633,2.842170943040401e-14,8.751,8.6265,2090.4819999999995,2122.427,31.53319999999999,-8.1825,190.39599999999996,187.33720000000005,-5.0694999999999935,956.964,0.0
