t_pre,t_test,t_train,t_CAV,t_HDV_pre,t_HDV_test,CAV_advantage,Effect_of_change,Effect_of_remaining,diff_sumo_routerl,avg_speed_pre,avg_speed_test,avg_mileage_pre,avg_mileage_test,cost_of_learning,cost_of_learning_humans,cost_of_learning_CAVs,avg_time_lost,avg_human_time_lost,avg_CAV_time_lost,winrate
252.6609661835749,268.088309178744,268.41570048309177,289.9954106280192,252.06731078904986,253.48357487922704,0.8740951256100175,0.8692113790462008,0.9944127973938668,0.0,8.682,8.486999999999998,2142.041,2215.7975,63.018937198067626,3.0727858293075636,152.93816425120772,371.56579710144933,33.133333333333326,879.2144927536233,0.0
