t_pre,t_test,t_train,t_CAV,t_HDV_pre,t_HDV_test,CAV_advantage,Effect_of_change,Effect_of_remaining,diff_sumo_routerl,avg_speed_pre,avg_speed_test,avg_mileage_pre,avg_mileage_test,cost_of_learning,cost_of_learning_humans,cost_of_learning_CAVs,avg_time_lost,avg_human_time_lost,avg_CAV_time_lost,winrate
251.87485714285714,267.22714285714284,267.5531964285714,297.9035714285714,247.09095238095233,246.77619047619046,0.8283760724747142,0.8294326623747696,1.0012754954363892,0.0,8.665000000000001,8.47,2126.9490000000005,2201.1900000000005,2508.5342857142855,-154.7595238095238,6503.475,2815.58,55.630952380952415,6955.503571428571,0.0
