t_pre,t_test,t_train,t_CAV,t_HDV_pre,t_HDV_test,CAV_advantage,Effect_of_change,Effect_of_remaining,diff_sumo_routerl,avg_speed_pre,avg_speed_test,avg_mileage_pre,avg_mileage_test,cost_of_learning,cost_of_learning_humans,cost_of_learning_CAVs,avg_time_lost,avg_human_time_lost,avg_CAV_time_lost,winrate
252.67342995169082,267.26562801932374,267.52978260869565,289.3897342995172,251.97681159420296,252.51622383252814,0.872581829634547,0.8707178649723903,0.9978638511611716,-5.684341886080802e-14,8.678999999999998,8.4965,2141.684,2212.973,594.2541062801932,-73.10628019323671,1595.2946859903382,1177.9420289855072,35.497584541062835,2891.608695652174,0.0
