t_pre,t_test,t_train,t_CAV,t_HDV_pre,t_HDV_test,CAV_advantage,Effect_of_change,Effect_of_remaining,diff_sumo_routerl,avg_speed_pre,avg_speed_test,avg_mileage_pre,avg_mileage_test,cost_of_learning,cost_of_learning_humans,cost_of_learning_CAVs,avg_time_lost,avg_human_time_lost,avg_CAV_time_lost,winrate
251.87485714285714,259.44142857142856,259.4592857142857,291.0778571428571,250.8169642857142,251.53232142857132,0.8641410373758613,0.861683422942806,0.9971560030981534,0.0,8.665000000000001,8.5595,2126.9490000000005,2164.749,30.33771428571429,3.436785714285721,137.9414285714286,181.66914285714287,18.451785714285723,834.5385714285713,0.0
