t_pre,t_test,t_train,t_CAV,t_HDV_pre,t_HDV_test,CAV_advantage,Effect_of_change,Effect_of_remaining,diff_sumo_routerl,avg_speed_pre,avg_speed_test,avg_mileage_pre,avg_mileage_test,cost_of_learning,cost_of_learning_humans,cost_of_learning_CAVs,avg_time_lost,avg_human_time_lost,avg_CAV_time_lost,winrate
252.66096618357486,259.7487922705314,259.65791062801935,287.3961352657005,253.1839371980677,252.83695652173913,0.8797507185960901,0.8809580440738938,1.0013723495216125,0.0,8.682,8.599999999999998,2142.041,2183.0299999999997,1119.5111111111112,453.80555555555554,3782.3333333333335,1261.2676328502416,-89.55917874396135,6664.574879227053,0.0
