t_pre,t_test,t_train,t_CAV,t_HDV_pre,t_HDV_test,CAV_advantage,Effect_of_change,Effect_of_remaining,diff_sumo_routerl,avg_speed_pre,avg_speed_test,avg_mileage_pre,avg_mileage_test,cost_of_learning,cost_of_learning_humans,cost_of_learning_CAVs,avg_time_lost,avg_human_time_lost,avg_CAV_time_lost,winrate
252.6609661835749,267.0405797101449,267.1268357487923,289.6062801932367,252.06731078904986,251.99677938808372,0.8701357554122844,0.8703792977861551,1.0002798900888235,0.0,8.682,8.5,2142.041,2215.1999999999994,2314.5391304347827,-47.67471819645733,5857.859903381643,2602.1314009661837,20.3252818035426,6474.840579710145,0.0
