t_pre,t_test,t_train,t_CAV,t_HDV_pre,t_HDV_test,CAV_advantage,Effect_of_change,Effect_of_remaining,diff_sumo_routerl,avg_speed_pre,avg_speed_test,avg_mileage_pre,avg_mileage_test,cost_of_learning,cost_of_learning_humans,cost_of_learning_CAVs,avg_time_lost,avg_human_time_lost,avg_CAV_time_lost,winrate
251.87485714285714,258.26714285714286,257.7525892857143,284.4142857142857,250.8169642857142,251.73035714285714,0.8850833793761615,0.8818718921090961,0.9963715426795958,0.0,8.665000000000001,8.569999999999999,2126.9490000000005,2156.4499999999994,940.4371428571428,-6.260714285714286,4727.228571428572,1068.2828571428572,40.321428571428626,5180.128571428571,0.0
