t_pre,t_test,t_train,t_CAV,t_HDV_pre,t_HDV_test,CAV_advantage,Effect_of_change,Effect_of_remaining,diff_sumo_routerl,avg_speed_pre,avg_speed_test,avg_mileage_pre,avg_mileage_test,cost_of_learning,cost_of_learning_humans,cost_of_learning_CAVs,avg_time_lost,avg_human_time_lost,avg_CAV_time_lost,winrate
251.87485714285714,277.74535714285713,277.54,298.2959523809523,244.12821428571405,246.91946428571433,0.8277667273553034,0.8184094096387171,0.988695706885341,0.0,8.665000000000001,8.328,2126.9490000000005,2236.1984999999995,102.66057142857144,-26.39,188.69428571428574,620.0705714285714,68.39785714285715,987.8523809523809,0.0
