t_pre,t_test,t_train,t_CAV,t_HDV_pre,t_HDV_test,CAV_advantage,Effect_of_change,Effect_of_remaining,diff_sumo_routerl,avg_speed_pre,avg_speed_test,avg_mileage_pre,avg_mileage_test,cost_of_learning,cost_of_learning_humans,cost_of_learning_CAVs,avg_time_lost,avg_human_time_lost,avg_CAV_time_lost,winrate
251.87485714285714,260.76428571428573,268.5861160714286,279.1,247.09095238095233,248.5404761904762,0.8905069014348842,0.8853133370868947,0.9941678561506698,0.0,8.665000000000001,8.479999999999999,2126.9490000000005,2146.46,2673.8014285714285,222.37380952380957,6350.942857142857,2851.59,468.04999999999995,6426.9,0.0
