t_pre,t_test,t_train,t_CAV,t_HDV_pre,t_HDV_test,CAV_advantage,Effect_of_change,Effect_of_remaining,diff_sumo_routerl,avg_speed_pre,avg_speed_test,avg_mileage_pre,avg_mileage_test,cost_of_learning,cost_of_learning_humans,cost_of_learning_CAVs,avg_time_lost,avg_human_time_lost,avg_CAV_time_lost,winrate
251.87485714285714,273.7214285714286,274.3047142857143,293.5642857142857,244.12821428571405,243.95714285714286,0.8310177863208351,0.8316005255602319,1.0007012355800189,0.0,8.665000000000001,8.370000000000001,2126.9490000000005,2223.9100000000008,3588.7771428571427,-1475.2785714285715,6964.814285714286,4025.7085714285713,79.81428571428584,6656.304761904762,0.0
