t_pre,t_test,t_train,t_CAV,t_HDV_pre,t_HDV_test,CAV_advantage,Effect_of_change,Effect_of_remaining,diff_sumo_routerl,avg_speed_pre,avg_speed_test,avg_mileage_pre,avg_mileage_test,cost_of_learning,cost_of_learning_humans,cost_of_learning_CAVs,avg_time_lost,avg_human_time_lost,avg_CAV_time_lost,winrate
252.66096618357489,277.76038647342995,277.37147946859903,293.52979066022544,252.2210144927535,254.10628019323673,0.8656916206756564,0.859268880086898,0.992580798479087,0.0,8.682,8.389999999999997,2142.041,2263.5500000000006,3953.6821256038647,-173.43236714975845,6705.091787439614,4455.670531400966,329.1231884057971,7206.702093397746,0.0
