t_pre,t_test,t_train,t_CAV,t_HDV_pre,t_HDV_test,CAV_advantage,Effect_of_change,Effect_of_remaining,diff_sumo_routerl,avg_speed_pre,avg_speed_test,avg_mileage_pre,avg_mileage_test,cost_of_learning,cost_of_learning_humans,cost_of_learning_CAVs,avg_time_lost,avg_human_time_lost,avg_CAV_time_lost,winrate
251.87485714285714,266.26142857142855,266.76136607142854,292.17857142857144,247.09095238095233,248.98333333333332,0.8521615124475409,0.8456847166198099,0.992399567766058,0.0,8.665000000000001,8.490000000000002,2126.9490000000005,2197.93,2381.8414285714284,137.6642857142857,5748.107142857143,2669.572857142857,392.19761904761896,6085.635714285714,0.0
