t_pre,t_test,t_train,t_CAV,t_HDV_pre,t_HDV_test,CAV_advantage,Effect_of_change,Effect_of_remaining,diff_sumo_routerl,avg_speed_pre,avg_speed_test,avg_mileage_pre,avg_mileage_test,cost_of_learning,cost_of_learning_humans,cost_of_learning_CAVs,avg_time_lost,avg_human_time_lost,avg_CAV_time_lost,winrate
245.32520000000002,253.2872,260.3223125,266.3782499999999,245.28033333333332,244.5598333333332,0.9180923492564924,0.9207971496671872,1.0029461093024956,0.0,8.751,8.5655,2090.4819999999995,2110.3064999999997,2399.538,-636.0266666666666,6952.885,2558.778,-296.6233333333332,6841.88,0.0
