t_pre,t_test,t_train,t_CAV,t_HDV_pre,t_HDV_test,CAV_advantage,Effect_of_change,Effect_of_remaining,diff_sumo_routerl,avg_speed_pre,avg_speed_test,avg_mileage_pre,avg_mileage_test,cost_of_learning,cost_of_learning_humans,cost_of_learning_CAVs,avg_time_lost,avg_human_time_lost,avg_CAV_time_lost,winrate
252.6609661835749,260.9406763285024,266.7843297101449,273.4955314009663,252.06731078904986,252.57077294686016,0.9234914064338815,0.9216505640799632,0.9980066491782237,0.0,8.682,8.497499999999999,2142.041,2160.8725,2259.7381642512078,-18.48148148148148,5677.067632850241,2425.3323671497583,60.99838969404178,5971.833333333333,0.0
