t_pre,t_test,t_train,t_CAV,t_HDV_pre,t_HDV_test,CAV_advantage,Effect_of_change,Effect_of_remaining,diff_sumo_routerl,avg_speed_pre,avg_speed_test,avg_mileage_pre,avg_mileage_test,cost_of_learning,cost_of_learning_humans,cost_of_learning_CAVs,avg_time_lost,avg_human_time_lost,avg_CAV_time_lost,winrate
245.32520000000002,262.64570000000003,262.758,286.9635,245.28033333333332,246.43383333333327,0.8587636871355878,0.8547440121595022,0.9953192303816509,0.0,8.751,8.495000000000001,2090.4819999999995,2168.588,69.7312,-1.8399999999999954,177.088,416.1412,30.07533333333334,995.24,0.0
