t_pre,t_test,t_train,t_CAV,t_HDV_pre,t_HDV_test,CAV_advantage,Effect_of_change,Effect_of_remaining,diff_sumo_routerl,avg_speed_pre,avg_speed_test,avg_mileage_pre,avg_mileage_test,cost_of_learning,cost_of_learning_humans,cost_of_learning_CAVs,avg_time_lost,avg_human_time_lost,avg_CAV_time_lost,winrate
245.3252,268.8846,270.1865,288.27450000000005,240.86649999999995,239.79974999999976,0.8318451684071942,0.8355456344560477,1.0044485033866808,0.0,8.751,8.444,2090.4819999999995,2203.8935000000006,99.4452,-5.8629999999999995,169.65066666666667,570.6332000000001,-18.206000000000003,963.1926666666666,0.0
