t_pre,t_test,t_train,t_CAV,t_HDV_pre,t_HDV_test,CAV_advantage,Effect_of_change,Effect_of_remaining,diff_sumo_routerl,avg_speed_pre,avg_speed_test,avg_mileage_pre,avg_mileage_test,cost_of_learning,cost_of_learning_humans,cost_of_learning_CAVs,avg_time_lost,avg_human_time_lost,avg_CAV_time_lost,winrate
252.6609661835749,261.8038647342995,267.3935446859903,274.15700483091786,252.06731078904986,253.56843800322062,0.9249022769256072,0.9194268479279182,0.9940799918712608,0.0,8.682,8.479999999999999,2142.041,2161.0199999999995,2357.2125603864733,141.2866344605475,5681.101449275362,2540.070531400966,240.71980676328494,5989.096618357488,0.0
