t_pre,t_test,t_train,t_CAV,t_HDV_pre,t_HDV_test,CAV_advantage,Effect_of_change,Effect_of_remaining,diff_sumo_routerl,avg_speed_pre,avg_speed_test,avg_mileage_pre,avg_mileage_test,cost_of_learning,cost_of_learning_humans,cost_of_learning_CAVs,avg_time_lost,avg_human_time_lost,avg_CAV_time_lost,winrate
252.17185714285714,258.8228571428571,259.1615803571429,289.40714285714284,250.9780357142858,251.17678571428573,0.8679011279216132,0.8672143791494932,0.9992087246461303,0.0,8.657,8.599999999999998,2127.5280000000002,2167.96,1118.3557142857144,-204.74642857142857,6410.7642857142855,1251.3757142857146,67.08571428571435,5988.535714285715,0.0
