t_pre,t_test,t_train,t_CAV,t_HDV_pre,t_HDV_test,CAV_advantage,Effect_of_change,Effect_of_remaining,diff_sumo_routerl,avg_speed_pre,avg_speed_test,avg_mileage_pre,avg_mileage_test,cost_of_learning,cost_of_learning_humans,cost_of_learning_CAVs,avg_time_lost,avg_human_time_lost,avg_CAV_time_lost,winrate
251.87485714285714,261.1315714285714,265.44379464285714,280.00196428571417,247.09095238095233,248.55130952380952,0.8876770209732802,0.8824614963372921,0.9941245244466624,0.0,8.665000000000001,8.453,2126.9490000000005,2144.359,2171.03,-142.0785714285714,5640.692857142857,2356.1642857142856,103.81428571428575,5734.689285714286,0.0
