t_pre,t_test,t_train,t_CAV,t_HDV_pre,t_HDV_test,CAV_advantage,Effect_of_change,Effect_of_remaining,diff_sumo_routerl,avg_speed_pre,avg_speed_test,avg_mileage_pre,avg_mileage_test,cost_of_learning,cost_of_learning_humans,cost_of_learning_CAVs,avg_time_lost,avg_human_time_lost,avg_CAV_time_lost,winrate
252.67342995169082,278.16135265700484,277.61461956521737,293.8438003220612,252.2898550724638,254.63768115942028,0.8665749656121045,0.8585849175512531,0.9907797381900969,0.0,8.678999999999998,8.370000000000001,2141.684,2258.7399999999993,3990.590338164251,22.2512077294686,6636.149758454107,4500.348792270532,374.6376811594202,7250.822866344605,0.0
