t_pre,t_test,t_train,t_CAV,t_HDV_pre,t_HDV_test,CAV_advantage,Effect_of_change,Effect_of_remaining,diff_sumo_routerl,avg_speed_pre,avg_speed_test,avg_mileage_pre,avg_mileage_test,cost_of_learning,cost_of_learning_humans,cost_of_learning_CAVs,avg_time_lost,avg_human_time_lost,avg_CAV_time_lost,winrate
252.66096618357489,276.78599033816425,277.469806763285,293.07399355877595,252.2210144927535,252.3539855072464,0.8610589511642793,0.8606052397555043,0.9994730774145468,0.0,8.682,8.387,2142.041,2258.1955000000003,99.23536231884059,-9.792753623188407,171.9207729468599,581.7358454106281,4.487922705314002,966.5677938808375,0.0
