t_pre,t_test,t_train,t_CAV,t_HDV_pre,t_HDV_test,CAV_advantage,Effect_of_change,Effect_of_remaining,diff_sumo_routerl,avg_speed_pre,avg_speed_test,avg_mileage_pre,avg_mileage_test,cost_of_learning,cost_of_learning_humans,cost_of_learning_CAVs,avg_time_lost,avg_human_time_lost,avg_CAV_time_lost,winrate
251.87485714285714,268.5805714285715,268.0307142857143,296.3994642857142,247.09095238095233,250.03464285714279,0.8435731942353376,0.8336416969457443,0.9882268695147483,-5.684341886080802e-14,8.665000000000001,8.431000000000001,2126.9490000000005,2197.8705,64.62342857142858,2.3190476190476246,158.08,398.7377142857142,66.61000000000001,896.9292857142858,0.0
