t_pre,t_test,t_train,t_CAV,t_HDV_pre,t_HDV_test,CAV_advantage,Effect_of_change,Effect_of_remaining,diff_sumo_routerl,avg_speed_pre,avg_speed_test,avg_mileage_pre,avg_mileage_test,cost_of_learning,cost_of_learning_humans,cost_of_learning_CAVs,avg_time_lost,avg_human_time_lost,avg_CAV_time_lost,winrate
252.67342995169082,266.17004830917875,266.7167995169082,287.3985507246377,251.97681159420296,252.01771336553946,0.8768927773995725,0.8767504601497694,0.99983770279164,0.0,8.678999999999998,8.509999999999998,2141.684,2207.2300000000005,2246.939130434783,-274.35426731078906,6028.87922705314,2516.871497584541,74.5732689210951,6180.31884057971,0.0
